-0.0,0.0010829407000000069
-0.0,0.0011597412799999873
-3.97216028103032,0.0012365418699999964
-0.0,0.0013133573499999884
-0.0,0.0013901579399999975
-0.0,0.0014669585200000057
-0.0,0.001543759109999987
-0.0,0.0016205745900000068
-3.97216028103032,0.001697375179999988
-3.97216028103032,0.0017741757599999963
-0.0,0.0018509912499999892
-0.0,0.0019277918299999974
-0.0,0.0020045924200000065
-0.0,0.002081392999999987
-0.0,0.0021582084900000076
-0.0,0.002235009069999988
-0.0,0.002311809659999997
-0.0,0.002388625139999989
-3.97216028103032,0.002465425729999998
-0.0,0.0025422263100000064
3.97216028103032,0.0026190417999999993
-0.0,0.0026958423900000084
-0.0,0.002772642969999989
-0.0,0.002849443549999997
-0.0,0.00292625903999999
-0.0,0.003003059629999999
-0.0,0.003079860210000007
-0.0,0.0031566757
-0.0,0.0032334762800000083
-0.0,0.0033102768699999896
-0.0,0.003387077449999998
-0.0,0.0034638929399999907
3.97216028103032,0.003540693519999999
-0.0,0.003617494110000008
-0.0,0.00369430959
-0.0,0.003771110180000009
-0.0,0.0038479107599999895
-0.0,0.003924711349999999
-0.0,0.004001526829999991
-0.0,0.00407832742
-0.0,0.004155128000000008
-0.0,0.004231943490000001
-0.0,0.004308744070000009
3.97216028103032,0.00438554465999999
3.97216028103032,0.0044623452399999985
3.97216028103032,0.004539160729999991
-0.0,0.00461596131
3.97216028103032,0.004692761900000009
3.97216028103032,0.004769577380000001
3.97216028103032,0.00484637797000001
3.97216028103032,0.00492317854999999
3.97216028103032,0.004999979139999999
7.944320562259247,0.005076794619999991
7.944320562259247,0.00515359521
7.944320562259247,0.005230395790000009
11.916480476659201,0.0053072112800000015
11.916480476659201,0.00538401186000001
11.916480476659201,0.005460812449999991
11.916480476659201,0.005537627940000012
15.88864112412128,0.005614428519999992
15.88864112412128,0.0056912291
19.86080177555552,0.005768029690000009
23.83296094736016,0.005844845180000002
23.83296094736016,0.0059216457600000105
27.80512307743096,0.005998446349999992
31.7772822492356,0.006075261830000012
35.74944142104024,0.006152062419999993
35.74944142104024,0.006228863000000001
43.69376272271707,0.00630566359000001
47.66592189402519,0.006382479070000002
55.610246155755654,0.006459279660000011
59.58240236760597,0.006536080239999992
63.5545644984712,0.00661289570000001
71.49888284108744,0.006689696299999992
79.4432071028179,0.006766496900000002
91.35968757629938,0.006843297500000012
99.30400993040001,0.0069201130000000055
111.22048993039999,0.006996913599999988
123.13696993040001,0.007073714099999989
135.0534499304,0.007150529600000011
146.9699299304,0.007227330199999993
150.94208993040002,0.007304130800000003
162.8585699304,0.007380931400000013
170.8028899304,0.007457746900000006
178.7472099304,0.007534547400000008
186.6915299304,0.00761134799999999
190.6636899304,0.0076881635000000115
198.60801986080003,0.007764964099999994
202.58017986080003,0.007841764700000003
210.5244899304,0.007918580199999997
214.4966499304,0.007995380800000007
218.46880000000002,0.008072181300000009
218.46880000000002,0.00814898189999999
222.44097986079998,0.008225797400000012
222.44097986079998,0.008302597999999994
226.4131398608,0.008379398600000004
226.4131398608,0.008456214099999998
226.4131398608,0.008533014700000008
226.4131398608,0.00860981520000001
222.44097986079998,0.008686615799999992
222.44097986079998,0.008763431299999985
218.46880000000002,0.008840231899999995
214.4966499304,0.008917032500000005
214.4966499304,0.008993847999999999
210.5244899304,0.009070648600000009
202.58017986080003,0.00914744910000001
198.60801986080003,0.009224249699999992
194.63585986080002,0.009301065199999986
186.6915299304,0.009377865799999996
178.7472099304,0.009454666400000006
174.7750499304,0.0095314819
170.8028899304,0.009608282400000001
158.8864099304,0.009685083000000011
150.94208993040002,0.009761883599999993
142.9977699304,0.009838699099999987
135.0534499304,0.009915499699999997
127.10912993040002,0.009992300300000007
115.1926499304,0.0100691158
103.27616993040002,0.010145916300000002
95.33184378814968,0.010222716900000012
87.38752544543414,0.010299517499999994
79.4432071028179,0.010376332999999988
71.49888284108744,0.010453133599999997
63.5545644984712,0.010529934200000007
59.58240236760597,0.010606749700000001
55.610246155755654,0.010683550200000003
51.638084024890425,0.010760350800000013
43.69376272271707,0.010837166300000006
43.69376272271707,0.010913966899999988
39.72160355111104,0.010990767499999998
35.74944142104024,0.011067568100000008
31.7772822492356,0.011144383499999994
27.80512307743096,0.011221184100000003
23.83296094736016,0.011297984699999986
23.83296094736016,0.011374800200000007
19.86080177555552,0.01145160079999999
19.86080177555552,0.011528401399999999
15.88864112412128,0.011605202000000009
11.916480476659201,0.011682017399999994
11.916480476659201,0.011758818000000004
11.916480476659201,0.011835618599999986
11.916480476659201,0.011912434100000008
7.944320562259247,0.01198923469999999
7.944320562259247,0.0120660353
7.944320562259247,0.01214283590000001
3.97216028103032,0.012219651299999995
3.97216028103032,0.012296451900000005
3.97216028103032,0.012373252499999987
-0.0,0.012450068000000009
-0.0,0.01252686859999999
3.97216028103032,0.0126036692
-0.0,0.01268046980000001
-0.0,0.012757285199999996
-0.0,0.012834085800000006
-0.0,0.012910886399999988
-0.0,0.01298770190000001
-0.0,0.013064502499999991
-0.0,0.013141303100000001
-0.0,0.013218103600000003
-0.0,0.013294919099999997
-3.97216028103032,0.013371719700000007
-0.0,0.013448520299999989
-0.0,0.01352533580000001
-0.0,0.013602136399999992
-0.0,0.013678937000000002
-0.0,0.013755752399999988
-0.0,0.013832552999999997
-0.0,0.013909353600000007
-0.0,0.01398615419999999
-3.97216028103032,0.014062969700000011
-3.97216028103032,0.014139770299999993
-0.0,0.014216570900000003
-0.0,0.014293386299999988
-0.0,0.014370186899999998
-3.97216028103032,0.014446987500000008
-0.0,0.01452378809999999
-0.0,0.014600603600000012
-0.0,0.014677404199999994
-3.97216028103032,0.014754204800000004
-0.0,0.014831020199999989
-0.0,0.014907820799999999
-0.0,0.014984621400000009
-0.0,0.015061421999999991
-0.0,0.015138237500000012
-0.0,0.015215038099999995
-0.0,0.015291838599999996
-0.0,0.01536865409999999
-0.0,0.0154454547
-3.97216028103032,0.01552225530000001
-0.0,0.015599055899999992
-0.0,0.015675871399999985
-3.97216028103032,0.015752671999999995
-0.0,0.015829472499999997
-0.0,0.01590628799999999
-0.0,0.0159830886
-0.0,0.01605988920000001
-3.97216028103032,0.016136689799999993
-3.97216028103032,0.016213505299999986
-0.0,0.016290305899999996
-0.0,0.016367106399999998
-0.0,0.01644392189999999
-0.0,0.0165207225
-0.0,0.01659752310000001
-0.0,0.016674338600000005
-3.97216028103032,0.016751139199999987
-3.97216028103032,0.01682793969999999
-0.0,0.0169047403
-0.0,0.016981555799999992
-0.0,0.017058356400000002
-3.97216028103032,0.017135157000000012
-3.97216028103032,0.017211972500000006
-0.0,0.017288773099999988
-0.0,0.01736557359999999
-0.0,0.0174423742
-0.0,0.017519189699999993
-3.97216028103032,0.017595990300000003
-0.0,0.017672790900000013
-0.0,0.017749606400000006
-3.97216028103032,0.01782640699999999
-3.97216028103032,0.01790320749999999
-0.0,0.0179800081
-0.0,0.018056823599999994
-3.97216028103032,0.018133624200000004
-3.97216028103032,0.018210424799999986
-0.0,0.018287240300000007
-0.0,0.01836404089999999
-3.97216028103032,0.01844084139999999
-0.0,0.018517642
-3.97216028103032,0.018594457499999995
-3.97216028103032,0.018671258100000004
-0.0,0.018748058699999987
-3.97216028103032,0.018824874200000008
-0.0,0.01890167470000001
-0.0,0.01897847529999999
-0.0,0.0190552759
-0.0,0.019132091399999995
-3.97216028103032,0.019208892000000005
-0.0,0.019285692599999987
-3.97216028103032,0.01936250810000001
-3.97216028103032,0.01943930860000001
-0.0,0.019516109199999992
-0.0,0.019592924699999986
-0.0,0.019669725299999996
-0.0,0.019746525900000006
-0.0,0.019823326499999988
-0.0,0.01990014200000001
-3.97216028103032,0.01997694250000001
-0.0,0.020053743099999993
-0.0,0.020130558599999987
-0.0,0.020207359199999997
-0.0,0.020284159800000007
-0.0,0.02036096039999999
-0.0,0.02043777590000001
-3.97216028103032,0.020514576400000012
-0.0,0.020591376999999994
-0.0,0.020668192499999988
-3.97216028103032,0.020744993099999998
-0.0,0.020821793700000008
-0.0,0.02089859429999999
-0.0,0.020975409700000003
-0.0,0.021052210300000013
-3.97216028103032,0.021129010899999995
-0.0,0.02120582639999999
-0.0,0.021282627
-0.0,0.02135942760000001
-0.0,0.02143622819999999
-0.0,0.021513043600000004
-0.0,0.021589844199999986
-0.0,0.021666644799999996
-0.0,0.02174346029999999
-0.0,0.0218202609
-0.0,0.02189706150000001
-0.0,0.02197386209999999
-0.0,0.022050677500000004
-0.0,0.022127478099999986
-0.0,0.022204278699999996
-0.0,0.02228109419999999
-0.0,0.0223578948
-0.0,0.02243469540000001
-0.0,0.022511510799999995
-0.0,0.022588311400000005
-0.0,0.022665111999999987
-0.0,0.022741912599999997
-0.0,0.02281872809999999
-0.0,0.0228955287
-0.0,0.02297232930000001
-0.0,0.023049144699999996
-0.0,0.023125945300000006
-0.0,0.023202745899999988
-0.0,0.023279546499999998
-0.0,0.02335636199999999
-0.0,0.0234331626
-0.0,0.02350996320000001
-0.0,0.023586778599999997
-3.97216028103032,0.023663579200000007
-0.0,0.02374037979999999
-0.0,0.0238171804
-0.0,0.023893995899999992
-0.0,0.023970796500000002
-0.0,0.024047597100000012
-0.0,0.024124412499999998
-0.0,0.024201213100000007
-0.0,0.02427801369999999
-0.0,0.0243548143
-0.0,0.024431629799999993
-0.0,0.024508430400000003
-0.0,0.024585230900000005
-0.0,0.0246620464
-0.0,0.024738847000000008
-0.0,0.02481564759999999
-0.0,0.0248924482
-0.0,0.024969263699999994
-0.0,0.025046064300000004
3.97216028103032,0.025122864800000005
-0.0,0.0251996803
3.97216028103032,0.02527648090000001
3.97216028103032,0.02535328149999999
3.97216028103032,0.025430097000000013
3.97216028103032,0.025506897599999995
3.97216028103032,0.025583698200000005
3.97216028103032,0.025660498700000006
3.97216028103032,0.0257373142
7.944320562259247,0.02581411480000001
7.944320562259247,0.025890915399999992
7.944320562259247,0.025967730899999986
7.944320562259247,0.026044531499999996
11.916480476659201,0.026121331999999997
15.88864112412128,0.026198132600000007
15.88864112412128,0.0262749481
19.86080177555552,0.02635174870000001
19.86080177555552,0.026428549299999993
19.86080177555552,0.026505364799999986
19.86080177555552,0.026582165399999996
27.80512307743096,0.026658965899999998
27.80512307743096,0.026735766500000008
31.7772822492356,0.026812582
35.74944142104024,0.02688938260000001
39.72160355111104,0.026966183199999993
39.72160355111104,0.027042998699999987
43.69376272271707,0.027119799299999997
47.66592189402519,0.0271965998
47.66592189402519,0.02727340040000001
51.638084024890425,0.027350215900000002
55.610246155755654,0.027427016500000012
59.58240236760597,0.027503817099999994
63.5545644984712,0.027580632599999988
67.52672662923713,0.027657433199999998
71.49888284108744,0.0277342337
79.4432071028179,0.02781103430000001
79.4432071028179,0.027887849800000003
87.38752544543414,0.027964650399999985
91.35968757629938,0.028041450999999995
95.33184378814968,0.02811826649999999
99.30400993040001,0.02819506699999999
99.30400993040001,0.0282718676
107.24832,0.028348683099999994
107.24832,0.028425483700000004
107.24832,0.028502284299999986
111.22048993039999,0.028579084899999996
115.1926499304,0.02865590039999999
111.22048993039999,0.02873270089999999
111.22048993039999,0.0288095015
111.22048993039999,0.028886316999999995
111.22048993039999,0.028963117600000005
107.24832,0.029039918199999987
107.24832,0.029116718799999997
103.27616993040002,0.02919353429999999
99.30400993040001,0.029270334799999992
95.33184378814968,0.029347135400000002
91.35968757629938,0.029423950899999995
91.35968757629938,0.029500751500000005
87.38752544543414,0.029577552099999987
79.4432071028179,0.029654352699999997
75.47104497195267,0.02973116819999999
71.49888284108744,0.029807968699999993
67.52672662923713,0.029884769300000003
63.5545644984712,0.029961584799999996
59.58240236760597,0.030038385399999992
55.610246155755654,0.030115186000000002
55.610246155755654,0.030191994
51.638084024890425,0.030268801999999997
43.69376272271707,0.030345602599999993
43.69376272271707,0.0304224107
39.72160355111104,0.030499211299999995
39.72160355111104,0.030576019299999993
35.74944142104024,0.030652819900000003
31.7772822492356,0.0307296279
31.7772822492356,0.030806435899999998
27.80512307743096,0.030883236499999994
23.83296094736016,0.0309600446
23.83296094736016,0.031036845100000002
19.86080177555552,0.031113653199999994
19.86080177555552,0.031190453800000004
15.88864112412128,0.0312672618
15.88864112412128,0.0313440698
15.88864112412128,0.031420870399999995
11.916480476659201,0.0314976785
11.916480476659201,0.031574479
7.944320562259247,0.031651287099999995
7.944320562259247,0.03172809509999999
3.97216028103032,0.0318048957
3.97216028103032,0.0318817037
3.97216028103032,0.031958504299999996
3.97216028103032,0.0320353124
3.97216028103032,0.0321121129
3.97216028103032,0.032188920999999995
3.97216028103032,0.03226572899999999
3.97216028103032,0.0323425296
-0.0,0.0324193376
-0.0,0.0324961382
-0.0,0.0325729463
-0.0,0.032649746800000004
-0.0,0.032726554899999996
-0.0,0.032803362899999994
-0.0,0.032880163500000004
-0.0,0.0329569715
-0.0,0.0330337721
-0.0,0.033110580099999995
-0.0,0.0331873882
-0.0,0.0332641888
-0.0,0.033340996799999995
-0.0,0.033417797400000004
-3.97216028103032,0.0334946054
-0.0,0.033571406
-0.0,0.033648213999999996
-0.0,0.0337250221
-0.0,0.0338018227
-0.0,0.033878630699999995
-0.0,0.033955431300000005
-0.0,0.0340322393
-0.0,0.0341090399
-0.0,0.034185847899999997
-0.0,0.034262656
-0.0,0.0343394566
-0.0,0.034416264599999996
-0.0,0.03449306519999999
-0.0,0.034569873200000004
-0.0,0.0346466812
-0.0,0.0347234818
-0.0,0.0348002899
-0.0,0.0348770905
-0.0,0.0349538985
-0.0,0.03503069909999999
-0.0,0.035107507100000004
-3.97216028103032,0.0351843151
-0.0,0.0352611157
-0.0,0.035337923800000004
-3.97216028103032,0.035414724300000006
-0.0,0.0354915324
-0.0,0.035568332999999994
-3.97216028103032,0.035645141000000005
-3.97216028103032,0.035721949
-0.0,0.0357987496
-0.0,0.035875557700000005
-0.0,0.03595235819999999
-0.0,0.0360291663
-0.0,0.036105974299999996
-0.0,0.03618277489999999
-0.0,0.036259582900000004
-0.0,0.0363363835
-3.97216028103032,0.036413191600000006
-0.0,0.03648999209999999
-3.97216028103032,0.0365668002
-0.0,0.0366436082
-0.0,0.03672040879999999
-3.97216028103032,0.036797216800000004
-0.0,0.0368740174
-3.97216028103032,0.03695082549999999
-0.0,0.037027625999999994
-3.97216028103032,0.0371044341
-0.0,0.0371812421
-3.97216028103032,0.037258042699999994
-0.0,0.037334850700000005
-0.0,0.0374116513
-0.0,0.0374884593
-3.97216028103032,0.037565267400000005
-0.0,0.037642068
-3.97216028103032,0.037718876
-0.0,0.037795676599999994
-0.0,0.03787248459999999
-0.0,0.0379492852
-0.0,0.0380260932
-0.0,0.038102901300000006
-0.0,0.0381797019
-0.0,0.0382565099
-3.97216028103032,0.038333310499999995
-0.0,0.03841011849999999
-0.0,0.0384869191
-0.0,0.0385637271
-0.0,0.03864053519999999
-0.0,0.0387173358
-3.97216028103032,0.0387941438
-3.97216028103032,0.038870944399999996
-0.0,0.038947752399999994
-0.0,0.0390245605
-0.0,0.039101361
-0.0,0.03917816909999999
-0.0,0.0392549697
-0.0,0.0393317777
-0.0,0.0394085783
-3.97216028103032,0.039485386299999994
-0.0,0.03956219429999999
-0.0,0.0396389949
-0.0,0.039715802999999994
-3.97216028103032,0.039792603600000004
-0.0,0.0398694116
-0.0,0.0399462122
-0.0,0.040023020199999995
-0.0,0.04009982819999999
-0.0,0.0401766288
-0.0,0.040253436899999995
-0.0,0.040330237399999996
-0.0,0.0404070455
-0.0,0.0404838535
-0.0,0.040560654099999996
-0.0,0.040637462099999994
-0.0,0.040714262700000003
-0.0,0.040791070799999996
-0.0,0.0408678713
-0.0,0.0409446794
-0.0,0.0410214874
-0.0,0.041098288
-0.0,0.041175095999999994
-0.0,0.041251896600000004
-0.0,0.041328704699999996
-0.0,0.0414055052
-0.0,0.041482313300000004
-0.0,0.0415591213
-0.0,0.0416359219
-0.0,0.041712729899999995
-0.0,0.041789530500000005
-0.0,0.0418663386
-0.0,0.041943146599999995
-0.0,0.042019947200000005
-0.0,0.0420967552
-0.0,0.0421735558
-0.0,0.042250363799999996
-0.0,0.042327164400000006
-0.0,0.0424039724
-0.0,0.042480780499999996
-0.0,0.042557581100000005
-0.0,0.0426343891
-0.0,0.0427111897
-0.0,0.0427879977
-0.0,0.04286479829999999
-0.0,0.042941606300000004
-0.0,0.043018414399999996
-0.0,0.04309521499999999
-0.0,0.043172023000000004
-0.0,0.0432488236
-0.0,0.0433256316
-0.0,0.0434024397
-0.0,0.043479240200000005
-0.0,0.0435560483
-3.97216028103032,0.04363284889999999
-0.0,0.043709656900000005
-3.97216028103032,0.0437864575
-0.0,0.0438632655
-0.0,0.043940073499999996
-0.0,0.044016874100000006
-0.0,0.0440936822
3.97216028103032,0.044170482799999994
-0.0,0.044247290800000005
-0.0,0.0443240914
-0.0,0.0444008994
-0.0,0.0444777074
-0.0,0.04455450799999999
-0.0,0.0446313161
-0.0,0.044708116699999995
-0.0,0.04478492469999999
-0.0,0.044861732700000004
-0.0,0.0449385333
-0.0,0.0450153413
-0.0,0.04509214189999999
-0.0,0.04516895
-0.0,0.0452457505
-0.0,0.04532255859999999
-0.0,0.045399366600000005
3.97216028103032,0.0454761672
3.97216028103032,0.0455529752
3.97216028103032,0.045629775799999994
3.97216028103032,0.0457065839
3.97216028103032,0.0457833844
3.97216028103032,0.045860192499999994
3.97216028103032,0.045937000500000005
3.97216028103032,0.0460138011
7.944320562259247,0.0460906091
7.944320562259247,0.046167409699999995
7.944320562259247,0.0462442178
7.944320562259247,0.0463210258
11.916480476659201,0.046397826399999995
11.916480476659201,0.04647463439999999
15.88864112412128,0.046551435
15.88864112412128,0.046628243
15.88864112412128,0.046705043599999996
19.86080177555552,0.04678185159999999
19.86080177555552,0.0468586597
23.83296094736016,0.046935460299999995
23.83296094736016,0.04701226829999999
27.80512307743096,0.0470890689
27.80512307743096,0.0471658769
31.7772822492356,0.04724268499999999
31.7772822492356,0.047319485499999994
35.74944142104024,0.0473962936
39.72160355111104,0.047473094199999996
39.72160355111104,0.047549902199999994
43.69376272271707,0.047626702800000004
43.69376272271707,0.0477035108
47.66592189402519,0.04778031889999999
47.66592189402519,0.047857119399999995
51.638084024890425,0.0479339275
51.638084024890425,0.0480107281
55.610246155755654,0.048087536099999995
55.610246155755654,0.048164336700000004
59.58240236760597,0.0482411447
63.5545644984712,0.048317952799999994
63.5545644984712,0.048394753299999996
63.5545644984712,0.0484715614
67.52672662923713,0.048548362
63.5545644984712,0.048625169999999995
67.52672662923713,0.04870197799999999
67.52672662923713,0.0487787786
67.52672662923713,0.0488555866
67.52672662923713,0.048932387199999997
67.52672662923713,0.0490091953
67.52672662923713,0.0490859959
67.52672662923713,0.049162803899999996
63.5545644984712,0.049239611899999994
63.5545644984712,0.049316412500000004
59.58240236760597,0.0493932205
59.58240236760597,0.0494700211
55.610246155755654,0.0495468292
55.610246155755654,0.049623629700000005
51.638084024890425,0.0497004378
51.638084024890425,0.049777245799999995
47.66592189402519,0.049854046400000004
43.69376272271707,0.0499308544
43.69376272271707,0.050007655
43.69376272271707,0.050084463100000004
39.72160355111104,0.0501612711
35.74944142104024,0.0502380717
35.74944142104024,0.050314879699999995
31.7772822492356,0.050391680300000005
27.80512307743096,0.0504684883
27.80512307743096,0.0505452889
27.80512307743096,0.050622097000000005
23.83296094736016,0.050698905
23.83296094736016,0.0507757056
19.86080177555552,0.050852513599999996
19.86080177555552,0.05092931419999999
15.88864112412128,0.051006122200000004
19.86080177555552,0.0510829228
11.916480476659201,0.051159730900000006
11.916480476659201,0.0512365389
11.916480476659201,0.0513133395
7.944320562259247,0.0513901475
7.944320562259247,0.05146694809999999
7.944320562259247,0.051543756100000004
7.944320562259247,0.051620564199999996
3.97216028103032,0.0516973647
3.97216028103032,0.051774172800000004
3.97216028103032,0.0518509734
3.97216028103032,0.0519277814
-0.0,0.052004581999999994
3.97216028103032,0.052081390000000005
-0.0,0.0521581981
-0.0,0.0522349986
3.97216028103032,0.052311806700000005
-0.0,0.0523886073
-0.0,0.0524654153
-0.0,0.052542215899999994
-0.0,0.05261902389999999
-0.0,0.052695832
-0.0,0.0527726325
-0.0,0.052849440600000006
-0.0,0.0529262412
-0.0,0.0530030492
-0.0,0.0530798572
-0.0,0.05315665779999999
-0.0,0.0532334659
-0.0,0.0533102664
-0.0,0.05338707449999999
-0.0,0.0534638751
-0.0,0.0535406831
-3.97216028103032,0.0536174911
-0.0,0.053694291699999994
-0.0,0.053771099700000005
-3.97216028103032,0.0538479003
-0.0,0.05392470839999999
-0.0,0.054001509
-0.0,0.054078317
-0.0,0.054155125
-0.0,0.054231925599999994
-0.0,0.05430873359999999
-0.0,0.0543855342
-0.0,0.054462342299999994
-0.0,0.054539150300000006
-0.0,0.0546159509
-0.0,0.0546927589
-0.0,0.054769559499999995
-0.0,0.05484636749999999
-0.0,0.0549231681
-0.0,0.054999976199999995
-3.97216028103032,0.055076784194
-0.0,0.055153584778
-0.0,0.055230392813999996
-0.0,0.055307193398
-0.0,0.055384001434000005
-0.0,0.055460802019
-0.0,0.055537610054
-0.0,0.055614418089
-0.0,0.055691218673999995
-0.0,0.05576802671
-0.0,0.055844827294000005
-3.97216028103032,0.05592163533
-0.0,0.055998443365
-0.0,0.05607524394999999
-0.0,0.05615205198499999
-0.0,0.05622885257
-0.0,0.056305660605
-0.0,0.05638246119
-0.0,0.056459269226
-3.97216028103032,0.056536077261
-3.97216028103032,0.056612877846
-0.0,0.056689685881
-0.0,0.056766486465999993
-0.0,0.056843294500999994
-3.97216028103032,0.056920095086
-3.97216028103032,0.056996903121
-0.0,0.057073711156999996
-3.97216028103032,0.057150511742000004
-0.0,0.057227319777000005
-0.0,0.057304120362
-3.97216028103032,0.057380928397
-0.0,0.05745773643299999
-3.97216028103032,0.057534537016999995
-3.97216028103032,0.057611345053
-0.0,0.057688145637999996
-0.0,0.057764953673
-0.0,0.057841754258000005
-0.0,0.05791856229299999
-0.0,0.05799537032799999
-3.97216028103032,0.058072170913
-0.0,0.058148978948999994
-3.97216028103032,0.058225779533
-0.0,0.058302587569
-0.0,0.058379388154
-0.0,0.058456196189
-0.0,0.058533004224
-0.0,0.05860980480899999
-3.97216028103032,0.058686612843999994
-0.0,0.058763413429
-0.0,0.058840221464999995
-0.0,0.058917029499999996
-0.0,0.058993830085000004
-3.97216028103032,0.059070638120000005
-3.97216028103032,0.059147438705
-0.0,0.05922424674
-0.0,0.059301047324999995
-3.97216028103032,0.059377855361
-0.0,0.059454663396
-0.0,0.059531463980999996
-0.0,0.059608272016
-0.0,0.059685072601000005
-3.97216028103032,0.05976188063599999
-3.97216028103032,0.059838681221
-3.97216028103032,0.059915489256
-0.0,0.059992297291999994
-0.0,0.060069097877
-3.97216028103032,0.060145905912
-0.0,0.060222706497
-0.0,0.060299514532
-0.0,0.060376322567
-3.97216028103032,0.06045312315199999
-0.0,0.060529931188
-0.0,0.060606731772
-0.0,0.060683539807999995
-0.0,0.060760340393000004
-0.0,0.060837148428000004
-3.97216028103032,0.060913956463000005
-0.0,0.060990757048
-0.0,0.061067565084000006
-0.0,0.061144365667999995
-0.0,0.061221173704
-0.0,0.061297974288000004
-0.0,0.061374782323999996
-0.0,0.061451590359
-0.0,0.061528390944000005
-0.0,0.06160519897899999
-0.0,0.061681999564
-0.0,0.06175880759999999
-0.0,0.061835615634999994
-0.0,0.06191241622
-0.0,0.061989224255
-0.0,0.06206602484
-0.0,0.062142832875
-0.0,0.06221963345999999
-0.0,0.06229644149499999
-0.0,0.062373249531
-0.0,0.062450050115999994
-3.97216028103032,0.062526858151
-0.0,0.062603658736
-0.0,0.062680466771
-0.0,0.062757267356
-0.0,0.062834075391
-0.0,0.062910883427
-0.0,0.062987684011
-0.0,0.063064492047
-0.0,0.063141292632
-0.0,0.063218100667
-0.0,0.063294908702
-0.0,0.063371709287
-0.0,0.063448517323
-0.0,0.063525317907
-0.0,0.06360212594299999
-0.0,0.063678926528
-0.0,0.063755734563
-0.0,0.063832542598
-0.0,0.063909343183
-0.0,0.063986151218
-0.0,0.06406295180299999
-0.0,0.064139759839
-0.0,0.064216560423
-0.0,0.064293368459
-0.0,0.064370176494
-0.0,0.064446977079
-0.0,0.064523785114
-0.0,0.064600585699
-0.0,0.064677393734
-0.0,0.06475420177
-0.0,0.064831002355
-0.0,0.06490781039
-0.0,0.064984610975
-0.0,0.06506141901
-0.0,0.065138219595
-0.0,0.06521502763
-0.0,0.065291835666
-0.0,0.06536863625
-0.0,0.06544544428599999
3.97216028103032,0.065522244871
-0.0,0.065599052906
-0.0,0.065675853491
3.97216028103032,0.065752661526
3.97216028103032,0.065829469562
3.97216028103032,0.06590627014599999
7.944320562259247,0.065983078182
3.97216028103032,0.066059878767
3.97216028103032,0.066136686802
7.944320562259247,0.066213494837
7.944320562259247,0.066290295422
7.944320562259247,0.066367103457
7.944320562259247,0.066443904042
7.944320562259247,0.066520712078
11.916480476659201,0.066597512662
11.916480476659201,0.066674320698
15.88864112412128,0.066751128733
15.88864112412128,0.066827929318
15.88864112412128,0.066904737353
19.86080177555552,0.066981537938
19.86080177555552,0.067058345973
23.83296094736016,0.067135146558
23.83296094736016,0.06721195459399999
23.83296094736016,0.06728876262899999
27.80512307743096,0.067365563214
31.7772822492356,0.067442371249
27.80512307743096,0.067519171834
31.7772822492356,0.067595979869
31.7772822492356,0.067672787905
35.74944142104024,0.06774958849
35.74944142104024,0.067826396525
39.72160355111104,0.06790319711
43.69376272271707,0.067980005145
39.72160355111104,0.06805680573
43.69376272271707,0.068133613765
47.66592189402519,0.068210421801
47.66592189402519,0.068287222385
47.66592189402519,0.068364030421
47.66592189402519,0.068440831006
51.638084024890425,0.068517639041
51.638084024890425,0.068594439626
51.638084024890425,0.068671247661
51.638084024890425,0.068748055696
51.638084024890425,0.068824856281
51.638084024890425,0.068901664317
51.638084024890425,0.068978464901
51.638084024890425,0.06905527293699999
47.66592189402519,0.06913208097199999
51.638084024890425,0.069208881557
47.66592189402519,0.069285689592
47.66592189402519,0.069362490177
47.66592189402519,0.069439298213
43.69376272271707,0.06951609879699999
43.69376272271707,0.069592906833
43.69376272271707,0.069669714868
39.72160355111104,0.069746515453
39.72160355111104,0.069823323488
35.74944142104024,0.069900124073
35.74944142104024,0.069976932108
31.7772822492356,0.070053732693
31.7772822492356,0.070130540729
31.7772822492356,0.070207348764
27.80512307743096,0.070284149349
27.80512307743096,0.070360957384
23.83296094736016,0.070437757969
19.86080177555552,0.070514566004
19.86080177555552,0.07059137404
19.86080177555552,0.070668174624
15.88864112412128,0.07074498266
19.86080177555552,0.070821783245
15.88864112412128,0.07089859127999999
11.916480476659201,0.070975391865
11.916480476659201,0.0710521999
11.916480476659201,0.071129007936
7.944320562259247,0.07120580852
7.944320562259247,0.071282616556
7.944320562259247,0.07135941713999999
7.944320562259247,0.071436225176
3.97216028103032,0.071513025761
3.97216028103032,0.071589833796
3.97216028103032,0.071666641831
3.97216028103032,0.071743442416
3.97216028103032,0.071820250452
3.97216028103032,0.071897051036
-0.0,0.071973859072
-0.0,0.072050667107
-0.0,0.072127467692
-0.0,0.072204275727
-0.0,0.072281076312
-0.0,0.072357884347
-0.0,0.072434684932
-0.0,0.072511492968
-0.0,0.072588301003
-0.0,0.072665101588
-0.0,0.07274190962299999
-0.0,0.072818710208
-0.0,0.072895518243
-0.0,0.072972326279
-0.0,0.073049126863
-0.0,0.073125934899
-0.0,0.073202735484
-0.0,0.073279543519
-0.0,0.07335634410399999
-0.0,0.073433152139
-0.0,0.073509960175
-0.0,0.073586760759
-3.97216028103032,0.073663568795
-0.0,0.07374036938
-0.0,0.073817177415
-0.0,0.073893978
-0.0,0.073970786035
-0.0,0.07404759407
-0.0,0.074124394655
-0.0,0.074201202691
-0.0,0.074278003275
-0.0,0.074354811311
-3.97216028103032,0.074431619346
-0.0,0.074508419931
-0.0,0.07458522796599999
-3.97216028103032,0.074662028551
-0.0,0.074738836586
-0.0,0.074815637171
-0.0,0.074892445207
-3.97216028103032,0.074969253242
-0.0,0.075046053827
-0.0,0.075122861862
-0.0,0.07519966244699999
-0.0,0.075276470482
-0.0,0.075353271067
-3.97216028103032,0.075430079103
-0.0,0.075506887138
-0.0,0.075583687723
-0.0,0.075660495758
-0.0,0.075737296343
-0.0,0.075814104378
-0.0,0.075890912414
-0.0,0.075967712998
-0.0,0.076044521034
-0.0,0.076121321619
-0.0,0.076198129654
-3.97216028103032,0.076274930239
-3.97216028103032,0.076351738274
-0.0,0.07642854630899999
-0.0,0.076505346894
-0.0,0.07658215493
-3.97216028103032,0.076658955514
-0.0,0.07673576355
-0.0,0.076812564135
-0.0,0.07688937217
-3.97216028103032,0.076966180205
-0.0,0.07704298078999999
-0.0,0.077119788826
-0.0,0.07719658941
-0.0,0.077273397446
-0.0,0.077350205481
-0.0,0.077427006066
-3.97216028103032,0.077503814101
-3.97216028103032,0.077580614686
-0.0,0.077657422721
-0.0,0.077734223306
-0.0,0.077811031342
-0.0,0.077887839377
-3.97216028103032,0.077964639962
-0.0,0.078041447997
-3.97216028103032,0.078118248582
-0.0,0.078195056617
-3.97216028103032,0.078271857202
-3.97216028103032,0.078348665237
-0.0,0.078425473273
-3.97216028103032,0.078502273858
-3.97216028103032,0.078579081893
-3.97216028103032,0.078655882478
-3.97216028103032,0.078732690513
-0.0,0.078809498549
-3.97216028103032,0.07888629913299999
-3.97216028103032,0.078963107169
-0.0,0.079039907753
-0.0,0.079116715789
-0.0,0.079193516374
-3.97216028103032,0.079270324409
-0.0,0.079347132444
-0.0,0.079423933029
-0.0,0.079500741065
-3.97216028103032,0.079577541649
-0.0,0.079654349685
-0.0,0.07973115027
-0.0,0.079807958305
-0.0,0.07988476634
-3.97216028103032,0.079961566925
-3.97216028103032,0.08003837496
-0.0,0.080115175545
-0.0,0.08019198358099999
-3.97216028103032,0.080268791616
-0.0,0.080345592201
-0.0,0.080422400236
-0.0,0.080499200821
-0.0,0.080576008856
-0.0,0.08065280944099999
-0.0,0.08072961747599999
-0.0,0.080806425512
-0.0,0.080883226097
-0.0,0.080960034132
-3.97216028103032,0.081036834717
-0.0,0.081113642752
-0.0,0.081190443337
-0.0,0.081267251372
-3.97216028103032,0.081344059408
-0.0,0.081420859993
-0.0,0.081497668028
-0.0,0.081574468613
-0.0,0.081651276648
-0.0,0.081728084683
-0.0,0.081804885268
-0.0,0.081881693304
-0.0,0.081958493888
-0.0,0.08203530192399999
-0.0,0.082112102509
-0.0,0.082188910544
-0.0,0.082265718579
-0.0,0.082342519164
-0.0,0.082419327199
-0.0,0.08249612778399999
-0.0,0.08257293582
-3.97216028103032,0.082649736404
-0.0,0.08272654444
-0.0,0.082803352475
-0.0,0.08288015306
-0.0,0.082956961095
-0.0,0.08303376168
-0.0,0.083110569715
-0.0,0.083187377751
-0.0,0.083264178336
-0.0,0.083340986371
-0.0,0.083417786956
-0.0,0.083494594991
-0.0,0.083571395576
-0.0,0.083648203611
-0.0,0.083725011647
-0.0,0.08380181223199999
-0.0,0.08387862026699999
-0.0,0.083955420852
-0.0,0.084032228887
-0.0,0.084109029472
-0.0,0.084185837507
-0.0,0.084262645543
-0.0,0.08433944612699999
-0.0,0.084416254163
-0.0,0.084493054748
-0.0,0.084569862783
-0.0,0.084646670818
3.97216028103032,0.084723471403
-0.0,0.084800279438
-0.0,0.084877080023
-0.0,0.084953888059
-0.0,0.085030688643
-0.0,0.085107496679
3.97216028103032,0.085184304714
-0.0,0.085261105299
-0.0,0.085337913334
-0.0,0.085414713919
-0.0,0.085491521955
-0.0,0.085568322539
3.97216028103032,0.085645130575
3.97216028103032,0.08572193860999999
-0.0,0.085798739195
3.97216028103032,0.08587554723
3.97216028103032,0.085952347815
3.97216028103032,0.08602915585
3.97216028103032,0.086105963886
3.97216028103032,0.086182764471
3.97216028103032,0.086259572506
3.97216028103032,0.086336373091
7.944320562259247,0.086413181126
7.944320562259247,0.086489981711
7.944320562259247,0.086566789746
11.916480476659201,0.086643597782
7.944320562259247,0.086720398366
11.916480476659201,0.086797206402
11.916480476659201,0.086874006987
11.916480476659201,0.086950815022
15.88864112412128,0.087027615607
15.88864112412128,0.087104423642
19.86080177555552,0.087181231678
19.86080177555552,0.087258032262
19.86080177555552,0.087334840298
23.83296094736016,0.087411640882
23.83296094736016,0.087488448918
23.83296094736016,0.08756525695299999
27.80512307743096,0.087642057538
27.80512307743096,0.087718865573
31.7772822492356,0.087795666158
31.7772822492356,0.087872474194
31.7772822492356,0.087949274778
35.74944142104024,0.088026082814
35.74944142104024,0.088102890849
35.74944142104024,0.088179691434
35.74944142104024,0.088256499469
39.72160355111104,0.088333300054
39.72160355111104,0.088410108089
39.72160355111104,0.088486908674
43.69376272271707,0.08856371671
39.72160355111104,0.088640524745
43.69376272271707,0.08871732533
39.72160355111104,0.088794133365
39.72160355111104,0.08887093395
43.69376272271707,0.088947741985
43.69376272271707,0.089024550021
43.69376272271707,0.089101350605
39.72160355111104,0.089178158641
39.72160355111104,0.089254959226
39.72160355111104,0.089331767261
39.72160355111104,0.089408567846
39.72160355111104,0.089485375881
35.74944142104024,0.089562183917
35.74944142104024,0.089638984501
35.74944142104024,0.089715792537
35.74944142104024,0.089792593122
31.7772822492356,0.089869401157
27.80512307743096,0.08994620174199999
27.80512307743096,0.090023009777
27.80512307743096,0.090099817812
23.83296094736016,0.090176618397
23.83296094736016,0.090253426433
23.83296094736016,0.090330227017
19.86080177555552,0.090407035053
19.86080177555552,0.090483843088
15.88864112412128,0.090560643673
15.88864112412128,0.090637451708
15.88864112412128,0.090714252293
11.916480476659201,0.090791060328
11.916480476659201,0.090867860913
11.916480476659201,0.090944668949
11.916480476659201,0.091021476984
7.944320562259247,0.091098277569
7.944320562259247,0.091175085604
3.97216028103032,0.091251886189
3.97216028103032,0.091328694224
3.97216028103032,0.091405494809
3.97216028103032,0.091482302845
3.97216028103032,0.09155911088
-0.0,0.091635911465
3.97216028103032,0.0917127195
3.97216028103032,0.09178952008499999
3.97216028103032,0.09186632812
-0.0,0.091943136156
-0.0,0.09201993674
-0.0,0.092096744776
-0.0,0.092173545361
-0.0,0.092250353396
-0.0,0.092327153981
-0.0,0.092403962016
-0.0,0.092480770051
-0.0,0.09255757063600001
-0.0,0.092634378672
-0.0,0.092711182982
-0.0,0.092787987292
-0.0,0.09286479160200001
-0.0,0.09294159591199999
-0.0,0.093018400222
-0.0,0.093095204532
-0.0,0.093172012568
-0.0,0.09324881687799999
-0.0,0.093325621188
-0.0,0.093402425498
-0.0,0.093479229808
-0.0,0.09355603411800001
-0.0,0.093632842153
-0.0,0.09370964646300001
-0.0,0.09378645077299999
-0.0,0.09386325508400001
-0.0,0.09394005939399999
-0.0,0.094016863704
-0.0,0.09409367173899999
-0.0,0.094170476049
-0.0,0.094247280359
-0.0,0.094324084669
-0.0,0.09440088897900001
-0.0,0.09447769329
-0.0,0.09455449760000001
-3.97216028103032,0.094631305635
-0.0,0.09470810994500001
-3.97216028103032,0.09478491425499999
-0.0,0.094861718565
-0.0,0.094938522875
-0.0,0.095015327185
-0.0,0.09509213522099999
-0.0,0.095168939531
-0.0,0.095245743841
-0.0,0.095322548151
-0.0,0.09539935246100001
-0.0,0.09547615677099999
-0.0,0.095552964807
-0.0,0.095629769117
-0.0,0.09570657342700001
-0.0,0.09578337773699999
-0.0,0.095860182047
-0.0,0.095936986357
-0.0,0.096013790667
-0.0,0.096090598702
-0.0,0.096167403013
-0.0,0.096244207323
-0.0,0.096321011633
-0.0,0.09639781594300001
-0.0,0.09647462025299999
-3.97216028103032,0.09655142828800001
-0.0,0.09662823259799999
-0.0,0.096705036908
-0.0,0.096781841218
-0.0,0.096858645529
-0.0,0.096935449839
-3.97216028103032,0.097012257874
-3.97216028103032,0.097089062184
-0.0,0.097165866494
-3.97216028103032,0.09724267080400001
-3.97216028103032,0.09731947511399999
-0.0,0.097396279424
-0.0,0.097473083735
-0.0,0.09754989177000001
-3.97216028103032,0.09762669607999999
-0.0,0.09770350039
-0.0,0.0977803047
-0.0,0.09785710901
-3.97216028103032,0.09793391332
-3.97216028103032,0.098010721356
-0.0,0.098087525666
-0.0,0.098164329976
-3.97216028103032,0.09824113428600001
-3.97216028103032,0.09831793859599999
-3.97216028103032,0.098394742906
-3.97216028103032,0.09847155094099999
-3.97216028103032,0.09854835525200001
-0.0,0.09862515956199999
-0.0,0.098701963872
-0.0,0.098778768182
-0.0,0.098855572492
-3.97216028103032,0.098932376802
-0.0,0.099009184837
-0.0,0.09908598914700001
-3.97216028103032,0.099162793458
-0.0,0.099239597768
-0.0,0.099316402078
-0.0,0.099393206388
-0.0,0.09947001442299999
-0.0,0.099546818733
-3.97216028103032,0.099623623043
-0.0,0.099700427353
-0.0,0.099777231663
-0.0,0.099854035974
-0.0,0.099930844009
-0.0,0.100007648319
-3.97216028103032,0.10008445262900001
-0.0,0.10016125693899999
-0.0,0.100238061249
-0.0,0.100314865559
-3.97216028103032,0.100391669869
-0.0,0.10046847789999999
-0.0,0.10054528221
-0.0,0.10062208652
-0.0,0.10069889084
-0.0,0.10077569515
-0.0,0.10085249946
-0.0,0.10092930749000001
-0.0,0.10100611179999999
-0.0,0.10108291611
-0.0,0.10115972042
-0.0,0.10123652473
-0.0,0.10131332904
-0.0,0.10139013708
-0.0,0.10146694139
-0.0,0.1015437457
-0.0,0.10162055001
-0.0,0.10169735431999999
-0.0,0.10177415863
-0.0,0.10185096294
-0.0,0.10192777097
-0.0,0.10200457528
-0.0,0.10208137959
-0.0,0.1021581839
-0.0,0.10223498820999999
-0.0,0.10231179252
-0.0,0.10238860056
-0.0,0.10246540487
-0.0,0.10254220918
-0.0,0.10261901349
-0.0,0.1026958178
-0.0,0.10277262210999999
-0.0,0.10284943014
-0.0,0.10292623445
-0.0,0.10300303876
-0.0,0.10307984307
-0.0,0.10315664738
-0.0,0.10323345169
-0.0,0.10331025599999999
-0.0,0.10338706404
-0.0,0.10346386835
-0.0,0.10354067266
-0.0,0.10361747697
-0.0,0.10369428128
-0.0,0.10377108559
-0.0,0.10384789363
-0.0,0.10392469794
-0.0,0.10400150224999999
-0.0,0.10407830656
-0.0,0.10415511087
-0.0,0.10423191518
-0.0,0.10430872321
-0.0,0.10438552752
-0.0,0.10446233183
-0.0,0.10453913613999999
-0.0,0.10461594045
-0.0,0.10469274476
-0.0,0.10476954907
-0.0,0.10484635711
-0.0,0.10492316142
-0.0,0.10499996573
-0.0,0.10507677003999999
-0.0,0.10515357435
-0.0,0.10523037866
-0.0,0.10530718669
-0.0,0.105383991
-0.0,0.10546079531
-0.0,0.10553759962
3.97216028103032,0.10561440392999999
3.97216028103032,0.10569120824
-0.0,0.10576801628
3.97216028103032,0.10584482059
3.97216028103032,0.1059216249
3.97216028103032,0.10599842921
3.97216028103032,0.10607523352
3.97216028103032,0.10615203782999999
3.97216028103032,0.10622884586
3.97216028103032,0.10630565017
3.97216028103032,0.10638245448
3.97216028103032,0.10645925879
3.97216028103032,0.1065360631
7.944320562259247,0.10661286741
7.944320562259247,0.10668967172999999
7.944320562259247,0.10676647976
11.916480476659201,0.10684328406999999
11.916480476659201,0.10692008838
11.916480476659201,0.10699689269
15.88864112412128,0.107073697
15.88864112412128,0.10715050131000001
15.88864112412128,0.10722730935
15.88864112412128,0.10730411366
19.86080177555552,0.10738091796999999
19.86080177555552,0.10745772228
19.86080177555552,0.10753452659
19.86080177555552,0.1076113309
23.83296094736016,0.10768813893
23.83296094736016,0.10776494324
23.83296094736016,0.10784174755
27.80512307743096,0.10791855185999999
27.80512307743096,0.10799535617
31.7772822492356,0.10807216048
31.7772822492356,0.10814896479
31.7772822492356,0.10822577283
31.7772822492356,0.10830257714
35.74944142104024,0.10837938145
35.74944142104024,0.10845618575999999
35.74944142104024,0.10853299007
35.74944142104024,0.10860979438
35.74944142104024,0.10868660241
35.74944142104024,0.10876340672
35.74944142104024,0.10884021103
35.74944142104024,0.10891701534
35.74944142104024,0.10899381964999999
35.74944142104024,0.10907062396
31.7772822492356,0.10914743199999999
35.74944142104024,0.10922423631
35.74944142104024,0.10930104062
35.74944142104024,0.10937784493
31.7772822492356,0.10945464924000001
35.74944142104024,0.10953145354999999
31.7772822492356,0.10960825786
31.7772822492356,0.10968506589999999
27.80512307743096,0.10976187021
27.80512307743096,0.10983867452
27.80512307743096,0.10991547883
23.83296094736016,0.10999228314000001
23.83296094736016,0.11006908744999999
19.86080177555552,0.11014589548
23.83296094736016,0.11022269978999999
19.86080177555552,0.1102995041
19.86080177555552,0.11037630841
15.88864112412128,0.11045311272
15.88864112412128,0.11052991703000001
11.916480476659201,0.11060672507
11.916480476659201,0.11068352938
11.916480476659201,0.11076033368999999
11.916480476659201,0.110837138
7.944320562259247,0.11091394231
11.916480476659201,0.11099074662
7.944320562259247,0.11106755093000001
3.97216028103032,0.11114435896
7.944320562259247,0.11122116327
3.97216028103032,0.11129796757999999
3.97216028103032,0.11137477189
3.97216028103032,0.1114515762
3.97216028103032,0.11152838051
7.944320562259247,0.11160518855
3.97216028103032,0.11168199286
-0.0,0.11175879717000001
-0.0,0.11183560147999999
-0.0,0.11191240579
-0.0,0.1119892101
-0.0,0.11206601813
-0.0,0.11214282244
-0.0,0.11221962675
-0.0,0.11229643106000001
-0.0,0.11237323536999999
-0.0,0.11245003968
-0.0,0.11252684399
-0.0,0.11260365203
-0.0,0.11268045634
-0.0,0.11275726065
-0.0,0.11283406496000001
-0.0,0.11291086926999999
-0.0,0.11298767358
-0.0,0.11306448161999999
-0.0,0.11314128593
-0.0,0.11321809024
-3.97216028103032,0.11329489455
-0.0,0.11337169886000001
-0.0,0.11344850316999999
-0.0,0.1135253112
-0.0,0.11360211550999999
-0.0,0.11367891982
-0.0,0.11375572413
-0.0,0.11383252844
-0.0,0.11390933275000001
-0.0,0.11398613705999999
-0.0,0.11406294510000001
-0.0,0.11413974940999999
-0.0,0.11421655372
-0.0,0.11429335803
-0.0,0.11437016234
-0.0,0.11444696665
-3.97216028103032,0.11452377468
-0.0,0.11460057899000001
-0.0,0.11467738329999999
-0.0,0.11475418761
-0.0,0.11483099192
-0.0,0.11490779623
-0.0,0.11498460427
-0.0,0.11506140858
-0.0,0.11513821289000001
-0.0,0.11521501719999999
-0.0,0.11529182151
-0.0,0.11536862582
-0.0,0.11544543013
-0.0,0.11552223817
-0.0,0.11559904248
-0.0,0.11567584679000001
-0.0,0.11575265109999999
-0.0,0.11582945541
-0.0,0.11590625972
-0.0,0.11598306775
-0.0,0.11605987206
-0.0,0.11613667637
-0.0,0.11621348068000001
-0.0,0.11629028498999999
-3.97216028103032,0.1163670893
-3.97216028103032,0.11644389733999999
-3.97216028103032,0.11652070165
-0.0,0.11659750596
-0.0,0.11667431027
-3.97216028103032,0.11675111458
-3.97216028103032,0.11682791889
-0.0,0.1169047232
-3.97216028103032,0.11698153122999999
-0.0,0.11705833554
-0.0,0.11713513985
-0.0,0.11721194416
-0.0,0.11728874847
-0.0,0.11736555278
-0.0,0.11744236082000001
-0.0,0.11751916512999999
-0.0,0.11759596944
-3.97216028103032,0.11767277375
-3.97216028103032,0.11774957806
-3.97216028103032,0.11782638237
-3.97216028103032,0.1179031904
-0.0,0.11797999471000001
-0.0,0.11805679901999999
-0.0,0.11813360333
-3.97216028103032,0.11821040764
-3.97216028103032,0.11828721195
-3.97216028103032,0.11836401626
-3.97216028103032,0.1184408243
-0.0,0.11851762861000001
-3.97216028103032,0.11859443291999999
-0.0,0.11867123723
-0.0,0.11874804154
-0.0,0.11882484585
-3.97216028103032,0.11890165389
-3.97216028103032,0.1189784582
-3.97216028103032,0.11905526251
-3.97216028103032,0.11913206682
-0.0,0.11920887113
-0.0,0.11928567543999999
-3.97216028103032,0.11936248347
-3.97216028103032,0.11943928778
-3.97216028103032,0.11951609209
-3.97216028103032,0.1195928964
-0.0,0.11966970071
-0.0,0.11974650502
-3.97216028103032,0.11982331305999999
-0.0,0.11990011737
-0.0,0.11997692168
-3.97216028103032,0.12005372599
-0.0,0.1201305303
-3.97216028103032,0.12020733461
-0.0,0.12028413892
-0.0,0.12036094694999999
-0.0,0.12043775126
-0.0,0.12051455557
-0.0,0.12059135988
-3.97216028103032,0.12066816419
-0.0,0.1207449685
-0.0,0.12082177654000001
-0.0,0.12089858084999999
-3.97216028103032,0.12097538516
-3.97216028103032,0.12105218947
-0.0,0.12112899378
-0.0,0.12120579809
-0.0,0.12128260612
-0.0,0.12135941043000001
-0.0,0.12143621475
-0.0,0.12151301906
-0.0,0.12158982336999999
-0.0,0.12166662768
-0.0,0.12174343199
-3.97216028103032,0.12182024002
-0.0,0.12189704433
-3.97216028103032,0.12197384864
-0.0,0.12205065295
-0.0,0.12212745725999999
-3.97216028103032,0.12220426157
-3.97216028103032,0.12228106961
-0.0,0.12235787392
-0.0,0.12243467823
-0.0,0.12251148254
-0.0,0.12258828685
-0.0,0.12266509115999999
-3.97216028103032,0.12274189919
-0.0,0.1228187035
-0.0,0.12289550781
-0.0,0.12297231212
-0.0,0.12304911643
-0.0,0.12312592074
-0.0,0.12320272504999999
-3.97216028103032,0.12327953309
-0.0,0.1233563374
-0.0,0.12343314171
-0.0,0.12350994602
-0.0,0.12358675033
-0.0,0.12366355464
-0.0,0.12374036266999999
-0.0,0.12381716512
-0.0,0.12389397129
-0.0,0.1239707756
-3.97216028103032,0.12404757991
-0.0,0.12412438609
-0.0,0.1242011904
-0.0,0.12427799471
-0.0,0.12435480088
-0.0,0.12443160519
-0.0,0.1245084095
-0.0,0.12458521567
-0.0,0.12466201998
-0.0,0.12473882429
-0.0,0.12481563047
-0.0,0.12489243478
-0.0,0.12496923909
-0.0,0.12504604526
-0.0,0.12512284957
-0.0,0.12519965387999998
-0.0,0.12527645819
-0.0,0.12535326436
-0.0,0.12543006867
-0.0,0.12550687298
3.97216028103032,0.12558367915
-0.0,0.12566048346
-0.0,0.12573728776999998
-0.0,0.12581409394999998
-0.0,0.12589089826
-0.0,0.12596770257
3.97216028103032,0.12604450874
3.97216028103032,0.12612131305
3.97216028103032,0.12619811736
3.97216028103032,0.12627492353
7.944320562259247,0.12635172784
7.944320562259247,0.12642853215
3.97216028103032,0.12650533833
7.944320562259247,0.12658214264
7.944320562259247,0.12665894695
11.916480476659201,0.12673575126
7.944320562259247,0.12681255743
11.916480476659201,0.12688936173999998
7.944320562259247,0.12696616605
11.916480476659201,0.12704297222
11.916480476659201,0.12711977653
11.916480476659201,0.12719658084
15.88864112412128,0.12727338701
11.916480476659201,0.12735019132
15.88864112412128,0.12742699563999998
15.88864112412128,0.12750380180999998
19.86080177555552,0.12758060612
19.86080177555552,0.12765741043
19.86080177555552,0.1277342166
19.86080177555552,0.12781102091
23.83296094736016,0.12788782522
23.83296094736016,0.12796463139
27.80512307743096,0.12804143569999998
23.83296094736016,0.12811824001
27.80512307743096,0.12819504432
27.80512307743096,0.1282718505
27.80512307743096,0.12834865481
27.80512307743096,0.12842545912
27.80512307743096,0.12850226529
27.80512307743096,0.12857906959999998
31.7772822492356,0.12865587391
31.7772822492356,0.12873268008
31.7772822492356,0.12880948439
31.7772822492356,0.1288862887
31.7772822492356,0.12896309488
31.7772822492356,0.12903989919
31.7772822492356,0.12911670349999999
27.80512307743096,0.12919350966999998
27.80512307743096,0.12927031398
27.80512307743096,0.12934711829
27.80512307743096,0.12942392446
27.80512307743096,0.12950072877
27.80512307743096,0.12957753308
27.80512307743096,0.12965433925
23.83296094736016,0.12973114355999998
23.83296094736016,0.12980794787
19.86080177555552,0.12988475218
23.83296094736016,0.12996155836
23.83296094736016,0.13003836267
19.86080177555552,0.13011516698
15.88864112412128,0.13019197315
15.88864112412128,0.13026877745999998
15.88864112412128,0.13034558177
15.88864112412128,0.13042238794
15.88864112412128,0.13049919225
11.916480476659201,0.13057599656
11.916480476659201,0.13065280274
11.916480476659201,0.13072960705
11.916480476659201,0.13080641135999999
7.944320562259247,0.13088321752999998
7.944320562259247,0.13096002184
3.97216028103032,0.13103682615
3.97216028103032,0.13111363232
3.97216028103032,0.13119043663
7.944320562259247,0.13126724094
3.97216028103032,0.13134404524999999
3.97216028103032,0.13142085141999998
-0.0,0.13149765573
-0.0,0.13157446004
-0.0,0.13165126622
-0.0,0.13172807053
-0.0,0.13180487484
-0.0,0.13188168101
-0.0,0.13195848531999999
-0.0,0.13203528963
-0.0,0.1321120958
-0.0,0.13218890011
-0.0,0.13226570442
-0.0,0.1323425106
-0.0,0.13241931491
-0.0,0.13249611921999999
-0.0,0.13257292538999998
-0.0,0.1326497297
-0.0,0.13272653401
-0.0,0.13280333832
-0.0,0.13288014449
-0.0,0.1329569488
-0.0,0.13303375310999999
-0.0,0.13311055927999998
-0.0,0.13318736359
-0.0,0.1332641679
-3.97216028103032,0.13334097408
-0.0,0.13341777839
-0.0,0.1334945827
-0.0,0.13357138887
-0.0,0.13364819317999999
-0.0,0.13372499749
-3.97216028103032,0.13380180366
-0.0,0.13387860797
-0.0,0.13395541228
-0.0,0.13403221846
-0.0,0.13410902277
-0.0,0.13418582708
-0.0,0.13426263139
-0.0,0.13433943756
-0.0,0.13441624187
-0.0,0.13449304618
-0.0,0.13456985235
-0.0,0.13464665666
-3.97216028103032,0.13472346097
-0.0,0.13480026714999999
-0.0,0.13487707146
-0.0,0.1349538758
-0.0,0.1350306819
-0.0,0.1351074862
-0.0,0.1351842906
-0.0,0.1352610967
-0.0,0.135337901
-3.97216028103032,0.1354147054
-0.0,0.1354915115
-3.97216028103032,0.1355683158
-0.0,0.1356451201
-0.0,0.1357219263
-0.0,0.1357987306
-0.0,0.13587553489999998
-3.97216028103032,0.1359523392
-3.97216028103032,0.1360291454
-0.0,0.1361059497
-3.97216028103032,0.136182754
-0.0,0.1362595602
-0.0,0.1363363645
-0.0,0.13641316879999998
-3.97216028103032,0.13648997499999999
-0.0,0.1365667793
-0.0,0.1366435836
-0.0,0.1367203898
-0.0,0.1367971941
-0.0,0.1368739984
-0.0,0.1369508046
-0.0,0.1370276089
-3.97216028103032,0.1371044132
-3.97216028103032,0.1371812194
-0.0,0.1372580237
-0.0,0.137334828
-0.0,0.1374116323
-0.0,0.1374884385
-0.0,0.1375652428
-0.0,0.1376420471
-3.97216028103032,0.1377188533
-3.97216028103032,0.1377956576
-0.0,0.1378724619
-3.97216028103032,0.1379492681
-3.97216028103032,0.1380260724
-0.0,0.1381028767
-0.0,0.1381796829
-0.0,0.1382564872
-0.0,0.1383332915
-3.97216028103032,0.1384100977
-3.97216028103032,0.138486902
-0.0,0.1385637063
-0.0,0.1386405125
-0.0,0.1387173168
-0.0,0.1387941211
-0.0,0.1388709254
-3.97216028103032,0.1389477316
-3.97216028103032,0.1390245359
-3.97216028103032,0.1391013402
-3.97216028103032,0.1391781463
-3.97216028103032,0.1392549507
-3.97216028103032,0.139331755
-0.0,0.1394085602
-3.97216028103032,0.13948536549999999
-3.97216028103032,0.1395621707
-3.97216028103032,0.139638975
-0.0,0.1397157802
-0.0,0.1397925855
-3.97216028103032,0.1398693898
-0.0,0.139946195
-0.0,0.1400229993
-0.0,0.1400998046
-0.0,0.1401766098
-0.0,0.1402534141
-0.0,0.1403302194
-0.0,0.14040702459999999
-0.0,0.1404838289
-0.0,0.1405606342
-0.0,0.1406374394
-3.97216028103032,0.1407142437
-0.0,0.140791049
-0.0,0.1408678533
-3.97216028103032,0.1409446585
-0.0,0.1410214638
-0.0,0.1410982681
-0.0,0.1411750733
-0.0,0.1412518786
-0.0,0.1413286829
-0.0,0.1414054881
-0.0,0.1414822924
-0.0,0.1415590977
-0.0,0.1416359029
-0.0,0.1417127072
-0.0,0.1417895124
-0.0,0.1418663177
-0.0,0.141943122
-0.0,0.1420199272
-0.0,0.1420967325
-0.0,0.1421735368
-0.0,0.142250342
-0.0,0.14232714629999998
-3.97216028103032,0.1424039516
-0.0,0.1424807568
-0.0,0.1425575611
-0.0,0.1426343664
-0.0,0.1427111716
-0.0,0.1427879759
-0.0,0.1428647812
-0.0,0.1429415855
-0.0,0.1430183907
-0.0,0.143095196
-0.0,0.1431720003
-0.0,0.1432488055
-0.0,0.1433256108
-0.0,0.1434024151
-0.0,0.1434792203
-0.0,0.1435560255
-0.0,0.1436328299
-0.0,0.1437096351
-0.0,0.1437864394
-0.0,0.1438632447
-0.0,0.1439400499
-3.97216028103032,0.1440168542
-0.0,0.1440936594
-0.0,0.1441704647
-0.0,0.144247269
-0.0,0.14432407419999999
-0.0,0.1444008795
-0.0,0.1444776838
-0.0,0.144554489
-0.0,0.1446312933
-3.97216028103032,0.1447080986
-0.0,0.1447849038
-0.0,0.1448617081
-0.0,0.1449385134
-0.0,0.145015318617
-0.0,0.145092122927
-0.0,0.145168928169
-0.0,0.145245732479
-0.0,0.14532253772
-0.0,0.145399342962
-0.0,0.145476147272
-0.0,0.145552952513
3.97216028103032,0.145629757755
-0.0,0.145706562065
-0.0,0.145783367306
-0.0,0.145860172547
3.97216028103032,0.145936976857
-0.0,0.146013782099
-0.0,0.146090586409
-0.0,0.14616739165
-0.0,0.146244196892
3.97216028103032,0.146321001202
3.97216028103032,0.146397806443
3.97216028103032,0.146474611685
3.97216028103032,0.146551415995
3.97216028103032,0.146628221236
3.97216028103032,0.146705026478
7.944320562259247,0.146781830788
7.944320562259247,0.146858636029
7.944320562259247,0.146935440339
11.916480476659201,0.147012245581
11.916480476659201,0.147089050822
11.916480476659201,0.147165855132
11.916480476659201,0.147242660373
15.88864112412128,0.147319465149
11.916480476659201,0.147396269925
15.88864112412128,0.147473075166
15.88864112412128,0.147549879942
15.88864112412128,0.14762668472
19.86080177555552,0.14770348949
15.88864112412128,0.14778029473
19.86080177555552,0.14785709951
19.86080177555552,0.14793390429
19.86080177555552,0.14801070953
19.86080177555552,0.1480875143
23.83296094736016,0.14816431908
23.83296094736016,0.14824112386
23.83296094736016,0.1483179291
23.83296094736016,0.14839473387
27.80512307743096,0.14847153865
23.83296094736016,0.14854834342
23.83296094736016,0.14862514866999998
27.80512307743096,0.14870195344
27.80512307743096,0.14877875822
27.80512307743096,0.14885556299
27.80512307743096,0.14893236823
27.80512307743096,0.14900917301
27.80512307743096,0.14908597779
27.80512307743096,0.14916278303
23.83296094736016,0.1492395878
23.83296094736016,0.14931639258
23.83296094736016,0.14939319735
23.83296094736016,0.14947000259999998
23.83296094736016,0.14954680737
23.83296094736016,0.14962361215
23.83296094736016,0.14970041692
19.86080177555552,0.14977722216
19.86080177555552,0.14985402694
15.88864112412128,0.14993083172
19.86080177555552,0.15000763648999998
19.86080177555552,0.15008444173
15.88864112412128,0.15016124651
15.88864112412128,0.15023805128
15.88864112412128,0.15031485606
11.916480476659201,0.1503916613
11.916480476659201,0.15046846608
11.916480476659201,0.15054527085
11.916480476659201,0.15062207609
7.944320562259247,0.15069888087
7.944320562259247,0.15077568565
7.944320562259247,0.15085249041999998
7.944320562259247,0.15092929566
7.944320562259247,0.15100610044
7.944320562259247,0.15108290521
3.97216028103032,0.15115971022
3.97216028103032,0.151236515
3.97216028103032,0.15131332001
3.97216028103032,0.15139012478
3.97216028103032,0.15146692979
3.97216028103032,0.15154373457
-0.0,0.15162053958
-0.0,0.15169734458
-0.0,0.15177414936
-0.0,0.15185095436999999
3.97216028103032,0.15192775914
-0.0,0.15200456415
-0.0,0.15208136893
-0.0,0.15215817394
-0.0,0.15223497871
-0.0,0.1523117837
-0.0,0.1523885885
-0.0,0.1524653935
-0.0,0.1525421983
-0.0,0.1526190033
-0.0,0.1526958081
-0.0,0.1527726131
-0.0,0.1528494179
-0.0,0.1529262229
-0.0,0.1530030279
-0.0,0.1530798326
-0.0,0.1531566375
-0.0,0.1532334424
-0.0,0.1533102473
-3.97216028103032,0.1533870522
-0.0,0.1534638572
-0.0,0.1535406621
-0.0,0.153617467
-0.0,0.1536942719
-0.0,0.1537710768
-0.0,0.1538478817
-0.0,0.1539246866
-0.0,0.154001491465606
-0.0,0.154078296357766
-0.0,0.15415510124992599
-0.0,0.154231906142086
-0.0,0.154308711034246
-0.0,0.154385515926406
-0.0,0.154462320876773
-0.0,0.154539125768933
-0.0,0.15461593066109
-0.0,0.15469273555325
-3.97216028103032,0.15476954044541
-0.0,0.15484634535213
-3.97216028103032,0.154923150251561
-3.97216028103032,0.15499995515099727
-3.97216028103032,0.155076760050433
-0.0,0.15515356494987
-0.0,0.15523036985658
-0.0,0.15530717474874
-0.0,0.1553839796409
-0.0,0.155460784533061
-0.0,0.155537589425221
-3.97216028103032,0.155614394317381
-3.97216028103032,0.155691199267749
-0.0,0.155768004159909
-3.97216028103032,0.155844809052069
-3.97216028103032,0.155921613944229
-0.0,0.155998418894596
-3.97216028103032,0.1560752238
-0.0,0.1561520287
-3.97216028103032,0.1562288336
-0.0,0.1563056385
-0.0,0.1563824434
-0.0,0.1564592482
-3.97216028103032,0.1565360531
-0.0,0.156612858
-0.0,0.1566896629
-3.97216028103032,0.1567664678
-0.0,0.1568432727
-3.97216028103032,0.15692007759999999
-0.0,0.1569968825
-3.97216028103032,0.1570736875
-0.0,0.1571504923
-3.97216028103032,0.1572272973
-0.0,0.1573041021
-3.97216028103032,0.1573809071
-3.97216028103032,0.1574577118
-3.97216028103032,0.1575345169
-0.0,0.1576113216
-0.0,0.1576881266
-0.0,0.15776493141
-3.97216028103032,0.15784173642
-3.97216028103032,0.15791854143
-0.0,0.15799534621
-0.0,0.15807215122
-3.97216028103032,0.15814895599
-3.97216028103032,0.158225761
-3.97216028103032,0.15830256578
-3.97216028103032,0.15837937078
-3.97216028103032,0.15845617556
-0.0,0.15853298057
-3.97216028103032,0.15860978534
-3.97216028103032,0.15868659035
-0.0,0.15876339513
-0.0,0.15884020014
-3.97216028103032,0.15891700491
-3.97216028103032,0.15899381015
-3.97216028103032,0.15907061493
-0.0,0.15914741971
-0.0,0.15922422448
-0.0,0.15930102972
-3.97216028103032,0.1593778345
-0.0,0.15945463927
-3.97216028103032,0.15953144405
-0.0,0.15960824929
-0.0,0.15968505407
-0.0,0.15976185884
-3.97216028103032,0.15983866362
-3.97216028103032,0.15991546886
-0.0,0.15999227364
-0.0,0.16006907841
-3.97216028103032,0.16014588319
-3.97216028103032,0.16022268843
-0.0,0.1602994932
-0.0,0.16037629798
-0.0,0.16045310322
-0.0,0.160529908
-0.0,0.16060671277
-0.0,0.16068351755
-0.0,0.16076032279
-0.0,0.16083712757
-0.0,0.16091393234
-0.0,0.16099073712
-0.0,0.16106754236
-3.97216028103032,0.16114434713
-0.0,0.16122115191
-0.0,0.16129795669
-0.0,0.16137476193
-0.0,0.1614515667
-0.0,0.16152837148
-0.0,0.16160517672
-0.0,0.1616819815
-0.0,0.16175878627
-0.0,0.16183559105
-0.0,0.16191239629
-0.0,0.16198920107
-0.0,0.16206600584
-0.0,0.16214281062
-0.0,0.16221961586
-0.0,0.16229642063
-0.0,0.16237322541
-0.0,0.162450030185
-0.0,0.162526835427
-0.0,0.162603640202
-0.0,0.162680444978
-0.0,0.16275725022
-0.0,0.16283405453
-0.0,0.162910859771
-0.0,0.162987665012
-0.0,0.163064469323
-0.0,0.163141274564
-0.0,0.163218079805
-0.0,0.163294884115
-0.0,0.163371689357
-0.0,0.163448493667
3.97216028103032,0.163525298908
-3.97216028103032,0.16360210415
-0.0,0.16367890846
-0.0,0.163755713701
-0.0,0.163832518943
-0.0,0.163909323253
-0.0,0.163986128494
-0.0,0.164062933736
-0.0,0.164139738046
-0.0,0.164216543287
-0.0,0.164293347597
-0.0,0.164370152839
-0.0,0.16444695808
-0.0,0.16452376239
-0.0,0.164600567631
-0.0,0.164677372873
-0.0,0.164754177183
-0.0,0.164830982424
-0.0,0.164907786734
-0.0,0.164984591976
-0.0,0.1650613972
-0.0,0.1651382015
-0.0,0.1652150068
-0.0,0.165291812
3.97216028103032,0.1653686163
-0.0,0.1654454216
3.97216028103032,0.1655222268
-0.0,0.1655990311
3.97216028103032,0.1656758364
3.97216028103032,0.1657526407
-0.0,0.1658294459
3.97216028103032,0.1659062511
-0.0,0.1659830555
3.97216028103032,0.1660598607
3.97216028103032,0.1661366659
3.97216028103032,0.1662134703
3.97216028103032,0.1662902755
3.97216028103032,0.1663670807
3.97216028103032,0.166443885
3.97216028103032,0.1665206903
7.944320562259247,0.1665974946
3.97216028103032,0.1666742998
7.944320562259247,0.1667511051
7.944320562259247,0.1668279094
7.944320562259247,0.1669047146
7.944320562259247,0.1669815199
7.944320562259247,0.1670583242
7.944320562259247,0.1671351294
11.916480476659201,0.1672119337
11.916480476659201,0.167288739
11.916480476659201,0.1673655442
11.916480476659201,0.1674423485
11.916480476659201,0.1675191538
15.88864112412128,0.167595959
15.88864112412128,0.1676727633
15.88864112412128,0.1677495686
19.86080177555552,0.1678263738
19.86080177555552,0.1679031781
19.86080177555552,0.1679799834
19.86080177555552,0.1680567877
19.86080177555552,0.1681335929
19.86080177555552,0.1682103981
19.86080177555552,0.1682872025
23.83296094736016,0.16836400769999998
23.83296094736016,0.1684408129
23.83296094736016,0.1685176172
23.83296094736016,0.1685944225
23.83296094736016,0.1686712268
23.83296094736016,0.168748032
23.83296094736016,0.1688248373
23.83296094736016,0.16890164159999999
23.83296094736016,0.1689784468
23.83296094736016,0.1690552521
23.83296094736016,0.1691320564
19.86080177555552,0.1692088616
23.83296094736016,0.1692856669
23.83296094736016,0.1693624712
19.86080177555552,0.1694392764
23.83296094736016,0.1695160807
19.86080177555552,0.169592886
19.86080177555552,0.1696696912
19.86080177555552,0.1697464955
19.86080177555552,0.1698233008
19.86080177555552,0.169900106
15.88864112412128,0.1699769103
15.88864112412128,0.1700537156
15.88864112412128,0.1701305208
11.916480476659201,0.1702073251
11.916480476659201,0.1702841303
11.916480476659201,0.1703609347
11.916480476659201,0.1704377399
7.944320562259247,0.1705145451
7.944320562259247,0.1705913495
7.944320562259247,0.1706681538
7.944320562259247,0.1707449599
7.944320562259247,0.1708217642
7.944320562259247,0.1708985686
3.97216028103032,0.1709753747
3.97216028103032,0.171052179
3.97216028103032,0.1711289833
3.97216028103032,0.1712057895
3.97216028103032,0.1712825938
-0.0,0.1713593981
-0.0,0.1714362043
-0.0,0.1715130086
-0.0,0.1715898129
-0.0,0.1716666191
-0.0,0.17174342339999998
-0.0,0.1718202277
-0.0,0.1718970339
-0.0,0.1719738382
-0.0,0.1720506425
-0.0,0.1721274468
-0.0,0.172204253
-0.0,0.17228105729999998
-0.0,0.1723578616
-0.0,0.1724346678
-0.0,0.1725114721
-0.0,0.1725882764
-0.0,0.1726650826
-0.0,0.1727418869
-3.97216028103032,0.17281869119999999
-0.0,0.1728954974
-0.0,0.1729723017
-0.0,0.173049106
-0.0,0.1731259122
-0.0,0.1732027165
-0.0,0.1732795208
-0.0,0.173356327
-0.0,0.1734331313
-0.0,0.1735099356
-0.0,0.1735867399
-0.0,0.1736635461
-0.0,0.1737403504
-0.0,0.1738171547
-0.0,0.1738939609
-0.0,0.1739707652
-0.0,0.1740475695
-0.0,0.1741243757
-0.0,0.17420118
-0.0,0.1742779843
-0.0,0.1743547904
-0.0,0.1744315948
-0.0,0.1745083991
-0.0,0.1745852052
-0.0,0.1746620096
-3.97216028103032,0.1747388139
-0.0,0.17481562
-3.97216028103032,0.1748924243
-3.97216028103032,0.1749692287
-0.0,0.1750460348
-0.0,0.17512283914
-0.0,0.17519964345
-0.0,0.17527644776
-0.0,0.17535325393
-0.0,0.17543005824
-0.0,0.17550686255
-0.0,0.17558366872
-0.0,0.17566047303
-0.0,0.17573727734
-0.0,0.17581408352
-0.0,0.17589088783
-0.0,0.17596769214
-3.97216028103032,0.17604449831
-3.97216028103032,0.17612130262
-0.0,0.17619810693
-0.0,0.17627491309999999
-0.0,0.17635171741
-0.0,0.17642852172
-0.0,0.1765053279
-0.0,0.17658213221
-0.0,0.17665893652
-0.0,0.17673574083
-3.97216028103032,0.176812547
-3.97216028103032,0.17688935131
-3.97216028103032,0.17696615562
-3.97216028103032,0.17704296179
-3.97216028103032,0.1771197661
-0.0,0.17719657041
-3.97216028103032,0.17727337658
-0.0,0.17735018089
-0.0,0.1774269852
-0.0,0.17750379138
-3.97216028103032,0.17758059569
-3.97216028103032,0.1776574
-0.0,0.17773420617
-3.97216028103032,0.17781101048
-0.0,0.17788781479
-3.97216028103032,0.17796462096
-0.0,0.17804142527
-3.97216028103032,0.17811822958
-0.0,0.17819503389
-3.97216028103032,0.17827184007
-3.97216028103032,0.17834864438
-3.97216028103032,0.17842544869
-3.97216028103032,0.17850225486
-0.0,0.17857905917
-0.0,0.17865586348
-3.97216028103032,0.17873266965
-3.97216028103032,0.17880947396
-3.97216028103032,0.17888627827
-0.0,0.17896308444
-3.97216028103032,0.17903988875
-0.0,0.17911669306
-0.0,0.17919349924
-3.97216028103032,0.17927030355
-0.0,0.17934710786
-0.0,0.17942391403
-0.0,0.17950071834
-3.97216028103032,0.17957752265
-0.0,0.17965432696
-0.0,0.17973113313
-0.0,0.17980793744
-3.97216028103032,0.17988474175
-3.97216028103032,0.17996154793
-3.97216028103032,0.18003835224
-0.0,0.18011515655
-0.0,0.18019196272
-0.0,0.18026876703
-0.0,0.18034557134
-3.97216028103032,0.18042237751
-0.0,0.18049918182
-0.0,0.18057598613
-3.97216028103032,0.1806527923
-0.0,0.18072959661
-0.0,0.18080640092
-0.0,0.1808832071
-0.0,0.18096001141
-0.0,0.18103681572
-0.0,0.18111362189
-0.0,0.1811904262
-0.0,0.18126723051
-0.0,0.18134403482
-0.0,0.18142084099
-0.0,0.1814976453
-0.0,0.18157444961
-0.0,0.18165125579
-0.0,0.1817280601
-3.97216028103032,0.18180486441
-0.0,0.18188167058
-0.0,0.18195847489
-0.0,0.1820352792
-0.0,0.18211208537
-0.0,0.18218888968
-0.0,0.18226569399
-0.0,0.18234250017
-0.0,0.18241930448
-0.0,0.18249610879
-0.0,0.18257291496
-0.0,0.18264971927
-0.0,0.18272652358
-0.0,0.18280332789
-0.0,0.18288013406
-0.0,0.18295693837
-0.0,0.18303374268
-0.0,0.18311054885
-0.0,0.18318735316
-0.0,0.18326415747
-0.0,0.18334096365
-0.0,0.18341776796
-0.0,0.18349457227
-0.0,0.18357137844
-0.0,0.18364818275
-0.0,0.18372498706
-0.0,0.18380179323
-0.0,0.18387859754
-0.0,0.18395540185
-0.0,0.18403220803
-0.0,0.18410901234
-0.0,0.18418581665
-0.0,0.18426262096
-0.0,0.18433942713
-0.0,0.18441623144
-0.0,0.18449303575
-0.0,0.18456984192
-0.0,0.18464664623
-0.0,0.18472345054
-0.0,0.18480025671
-0.0,0.18487706102
-0.0,0.18495386533
-0.0,0.18503067151
-0.0,0.18510747582
-0.0,0.18518428013
-0.0,0.1852610863
-0.0,0.18533789061
-0.0,0.18541469492
-0.0,0.18549150109
-0.0,0.1855683054
-0.0,0.18564510971
-0.0,0.18572191402
-0.0,0.1857987202
3.97216028103032,0.18587552451
-0.0,0.18595232882
-0.0,0.18602913499
-0.0,0.1861059393
-0.0,0.18618274361
3.97216028103032,0.18625954792
3.97216028103032,0.18633635595
3.97216028103032,0.18641316026
3.97216028103032,0.18648996457
3.97216028103032,0.18656676888
3.97216028103032,0.18664357319
3.97216028103032,0.1867203775
3.97216028103032,0.18679718181
3.97216028103032,0.18687398985
7.944320562259247,0.18695079416
7.944320562259247,0.18702759847
7.944320562259247,0.18710440278
7.944320562259247,0.18718120709
7.944320562259247,0.1872580114
11.916480476659201,0.18733481944
11.916480476659201,0.18741162375
11.916480476659201,0.18748842806
11.916480476659201,0.18756523237
11.916480476659201,0.18764203668
11.916480476659201,0.18771884099
15.88864112412128,0.18779564902
15.88864112412128,0.18787245333
15.88864112412128,0.18794925764
15.88864112412128,0.18802606195
15.88864112412128,0.18810286626
15.88864112412128,0.18817967057
19.86080177555552,0.18825647488
19.86080177555552,0.18833328292
19.86080177555552,0.18841008723
19.86080177555552,0.18848689154
23.83296094736016,0.18856369585
19.86080177555552,0.18864050016
23.83296094736016,0.18871730447
23.83296094736016,0.1887941125
23.83296094736016,0.18887091681
23.83296094736016,0.18894772112
23.83296094736016,0.18902452543
19.86080177555552,0.18910132974
19.86080177555552,0.18917813405
19.86080177555552,0.18925494209
19.86080177555552,0.1893317464
19.86080177555552,0.18940855071
19.86080177555552,0.18948535502
19.86080177555552,0.18956215933
19.86080177555552,0.18963896364
19.86080177555552,0.18971576795
15.88864112412128,0.18979257599
15.88864112412128,0.1898693803
15.88864112412128,0.18994618461
15.88864112412128,0.19002298892
11.916480476659201,0.19009979323
11.916480476659201,0.19017659754
11.916480476659201,0.19025340557
11.916480476659201,0.19033020988
11.916480476659201,0.19040701419
7.944320562259247,0.1904838185
7.944320562259247,0.19056062281
7.944320562259247,0.19063742712
7.944320562259247,0.19071423516
7.944320562259247,0.19079103947
3.97216028103032,0.19086784378
3.97216028103032,0.19094464809
3.97216028103032,0.1910214524
3.97216028103032,0.19109825671
3.97216028103032,0.19117506102
3.97216028103032,0.19125186905
3.97216028103032,0.19132867336
3.97216028103032,0.19140547767
-0.0,0.19148228198
-0.0,0.19155908629
-0.0,0.1916358906
-0.0,0.19171269864
3.97216028103032,0.19178950295
-0.0,0.19186630726
-0.0,0.19194311157
-0.0,0.19201991588
-0.0,0.19209672019000001
-0.0,0.19217352822
-0.0,0.19225033253
-0.0,0.19232713684
-0.0,0.19240394115
-0.0,0.19248074546
-0.0,0.19255754977
-0.0,0.19263435408000001
-0.0,0.19271116212
-0.0,0.19278796643
-0.0,0.19286477074
-0.0,0.19294157505
-0.0,0.19301837936
-0.0,0.19309518367
-0.0,0.19317199171
-0.0,0.19324879602
-0.0,0.19332560033
-0.0,0.19340240464
-0.0,0.19347920895
-0.0,0.19355601326
-0.0,0.19363282129
-0.0,0.1937096256
-0.0,0.19378642991
-0.0,0.19386323422
-0.0,0.19394003853
-0.0,0.19401684284
-0.0,0.19409364715
-0.0,0.19417045519
-0.0,0.1942472595
-0.0,0.19432406381
-0.0,0.19440086812000001
-0.0,0.19447767243
-0.0,0.19455447673999998
-0.0,0.19463128477
-0.0,0.19470808908
-0.0,0.19478489339
-0.0,0.1948616977
-0.0,0.19493850201000001
-0.0,0.19501530632
-0.0,0.19509211436
-0.0,0.19516891867
-0.0,0.19524572298
-0.0,0.19532252729
-0.0,0.1953993316
-0.0,0.19547613591000002
-0.0,0.19555294022
-3.97216028103032,0.19562974826
-3.97216028103032,0.19570655257
-0.0,0.19578335688
-3.97216028103032,0.19586016119
-0.0,0.1959369655
-0.0,0.19601376981000002
-0.0,0.19609057784
-3.97216028103032,0.19616738215
-0.0,0.19624418646
-0.0,0.19632099077
-3.97216028103032,0.19639779508
-0.0,0.19647459939
-3.97216028103032,0.19655140743
-0.0,0.19662821174
-3.97216028103032,0.19670501605000001
-3.97216028103032,0.19678182036
-3.97216028103032,0.19685862466999998
-0.0,0.19693542898
-0.0,0.19701223329
-0.0,0.19708904132
-3.97216028103032,0.19716584563
-0.0,0.19724264994000001
-3.97216028103032,0.19731945425
-0.0,0.19739625855999998
-3.97216028103032,0.19747306287
-0.0,0.19754987091
-0.0,0.19762667522
-0.0,0.19770347953
-0.0,0.19778028384000002
-0.0,0.19785708815
-0.0,0.19793389245999998
-3.97216028103032,0.19801070049
-3.97216028103032,0.1980875048
-0.0,0.19816430911
-0.0,0.19824111342
-3.97216028103032,0.19831791773000002
-3.97216028103032,0.19839472204
-0.0,0.19847153008
-0.0,0.19854833439
-3.97216028103032,0.1986251387
-0.0,0.19870194301
-3.97216028103032,0.19877874732
-3.97216028103032,0.19885555163000002
-3.97216028103032,0.19893235594
-3.97216028103032,0.19900916398000001
-3.97216028103032,0.19908596829
-0.0,0.19916277259999998
-3.97216028103032,0.19923957691
-3.97216028103032,0.19931638122
-3.97216028103032,0.19939318553
-3.97216028103032,0.19946999356
-0.0,0.19954679787000001
-0.0,0.19962360218
-3.97216028103032,0.19970040648999998
-0.0,0.1997772108
-3.97216028103032,0.19985401511
-3.97216028103032,0.19993082315
-0.0,0.20000762746
-0.0,0.20008443177000002
-3.97216028103032,0.20016123608
-3.97216028103032,0.20023804038999998
-0.0,0.2003148447
-0.0,0.20039164901
-0.0,0.20046845704
-3.97216028103032,0.20054526135
-0.0,0.20062206566000002
-3.97216028103032,0.20069886997
